Name,Category,Website,Phone,Address,City,More Details
A1 Car (Accessories & Detailing) Studio,Car Accessories,,+91 9997060606,"A1 Tower, Chakrata Road, Ballupur",Dehradun,"Seat covers, tint, LEDs, detailing, accessories"
Detailing Devils Dehradun,Car Detailing,,+91 9927149356,"765/201 Rajpur Road, near GRD College",Dehradun,"Ceramic coating, PPF, detailing"
Rcustomz Wraps,PPF & Wraps,,+91 8755983567,"Keshav Vihar, Kaonli",Dehradun,"PPF, vinyl wraps, ceramic coating"
Car Concept,Car Stereo & Accessories,,+91 9149000071,"World Trade Tower, Rajpur Road",Dehradun,"Car audio, Android systems, accessories"
Galaxy Car Care,Car Detailing,,+91 7081745030,"17 Race Course Road",Dehradun,"Detailing, polishing, coating"
Paddocks by DTM,Car Accessories,,+91 6398480243,"Chakrata Road, near Hotel LP Vilas",Dehradun,"Premium accessories"
Kohli & Sons,Car Accessories,,0135-2656607,"Janpath Shopping Complex, Chakrata Road",Dehradun,"Car music systems, seat covers, accessories"
Premium Car Detailing,Car Wash & Detailing,,+91 9719455014,"GMS Road, Kaonli",Dehradun,"Interior detailing, polishing"
Speedstrikers Customs,Car Modification,,+91 7417042228,"Lower Nehrugram",Dehradun,"Custom modifications, accessories"
Car Craft Interior,Car Interior & Accessories,,+91 9634247495,"Prince Chowk, Race Course",Dehradun,"Seat covers, interiors, accessories"
Carluxxe India,Car Detailing & PPF,+91 99537 97669,"11-D2, Nimbuwala, Garhi Cantt, Dehradun","PPF, ceramic coating, XPEL, Rodim"
Wadhwa Motors,Car Accessories,+91 98972 78575,"117, Chakrata Road, Sayed Mohalla, Dehradun","Car audio, speakers, accessories"
VK Enterprises,Car Accessories,+91 98970 23437,"17, Dilaram Chowk, Court Road, Dehradun","Pioneer audio systems, accessories"
Sidak Auto Accessories,Car Accessories,+91 98973 01310,"F-11, MEDO Plaza, Rajpur Road, Dehradun","Car music systems, accessories"
Bumra Car Accessories,Car Accessories,+91 94120 75459,"15/B, Rajpur Road, Dehradun","Car accessories, stereo, lighting"
Auto World,Car Accessories,0135-2102067,"210-182, Ballupur Road, Dehradun","Car accessories and audio systems"
Mangalam Car Decor,Car Decor,+91 93589 29722,"44, Saharanpur Chowk, Arhat Bazaar, Dehradun","Seat covers, audio, decor"
Blue Star Motors,Car Accessories,+91 98375 00313,"Raj Plaza Complex, 75 Rajpur Road, Dehradun","Accessories, tyres, repair"
Nagalia Automobiles,Car Accessories,0135-2626680,"1-C, Tyagi Road, Dehradun","Car accessories and Pioneer audio"
Car King,Car Accessories,0135-2629984,"197, Chakrata Road, Dehradun","Car stereo, amplifiers, accessories"
Vijay Maheshwari Car Decoration,Car Accessories & Decoration,+91 9412053120,"Chakrata Road, Near Bindal Bridge",Dehradun,"Seat covers, steering covers, lighting, chrome accessories"
Shree Balaji Car Accessories,Car Accessories,+91 9897221919,"Saharanpur Road, Majra",Dehradun,"Car décor, floor mats, perfumes, audio accessories"
JK Car Accessories,Car Accessories,+91 9997282827,"Haridwar Road, Dharampur",Dehradun,"Seat covers, stereo systems, LED lights"
Raghav Motors,Car Accessories & Modification,+91 9760909090,"GMS Road",Dehradun,"Alloy wheels, accessories, custom modifications"
Auto Zone Dehradun,Car Accessories,+91 8126207070,"Rajpur Road",Dehradun,"Car styling, music systems, parking sensors"
Classic Car Accessories,Car Accessories,+91 8979144440,"Patel Nagar",Dehradun,"Interior accessories, exterior styling"
Car Shringar,Car Accessories,+91 9411115400,"Haridwar Bypass Road",Dehradun,"Car decoration, seat covers, wheel covers"
Car Care Point,Car Wash & Detailing,+91 9557444477,"Race Course",Dehradun,"Interior cleaning, polishing, detailing"
Wheel Care,Tyres & Alloy Wheels,+91 9897004444,"Ballupur Chowk",Dehradun,"Tyres, wheel balancing, alloy wheels"
Shiv Car Accessories,Car Accessories,+91 9897635353,"ISBT Road",Dehradun,"Car electronics, accessories, fog lamps"
Detailing Doons,Car Detailing,+91 9758333395,"Majri Mafi, Nawada Road, Opp. Blossom Nursery",Dehradun,"Ceramic coating, PPF, paint correction, detailing"
EMPORIO by AUTOFORM,Car Accessories & PPF,+91 9990006285,"2 EC Road, Irrigation Colony, Karanpur",Dehradun,"Premium accessories, PPF, ceramic coating, Autoform dealer"
Dream Car Accessories,Car Accessories,+91 7017326845,"East Rest Camp, Chander Nagar Chowk",Dehradun,"Car music systems, seat covers, LED lighting"
Detailing Bro's Dehradun,Car Detailing & Foam Wash,+91 9084209708,"Badripur Road, Opp. Shiv Mandir",Dehradun,"Foam wash, ceramic coating, graphene coating, PPF"
Detailing Devils Dehradun 2.0,Car Detailing,+91 8218722267,"SS Tower, East Rest Camp, Race Course",Dehradun,"Premium detailing, ceramic coating, PPF"
R.P. Auto Styles,Car Accessories,,Selaqui Industrial Area,Dehradun,"Wholesale car accessories, seat covers, floor mats"
Elegant Auto Accessories,Car Accessories,,Selaqui Industrial Area,Dehradun,"Seat covers, floor mats, premium interior accessories"
Rao Car Accessories,Car Accessories,,Dehradun,Dehradun,"Retailer of car parts and accessories"
Auto Fixer,Car Service & Repair,,"Shastradhara Road",Dehradun,"Periodic servicing, AC repair, denting & painting"
MOTO BHP Car Accessories,Car Accessories,+91 7536802034,"Haridwar Road, Jogiwala",Dehradun,"Car accessories, music systems, detailing, LED upgrades"    
CAR PARLOUR CAR ACCESSORIES,Car Accessories,+91 75790 90244,"Raipur, Dehradun, Uttarakhand 248008",Dehradun,"Car accessories, interior upgrades, lighting"
Kar Planet,Car Accessories & Multi-brand Service,+91 99975 08676,"49-A, New Connaught Place, Opp. Bank of Baroda, Chakrata Road",Dehradun,"Maruti & Skoda service, accessories" 
Prakash Car Care,Car Accessories & Alloy Wheels,+91 94120 50878,"4-B, PLS Plaza, Raja Road",Dehradun,"Alloy wheels, lights, spare parts"
Vallys Car Accessories,Car Accessories,+91 98083 61203,"Near Dilaram, Rajpur Road",Dehradun,"Window blinds, windshield glass, tint films"
Nanak Motors,Car Accessories,+91 94129 89131,"5/1 Tyagi Road",Dehradun,"Spoilers, LED door sill plates, car accessories"
Future Auto Wheels Pvt. Ltd.,Maruti Workshop,+91 78959 56011,"Mohabbewala Industrial Area, Saharanpur Road",Dehradun,"Authorized Maruti workshop & accessories"
Rohan Motors Ltd.,Maruti Service & Accessories,+91 99278 70018,"257/2 GMS Road",Dehradun,"Maruti service center and genuine accessories"
S L Oberai Motors Pvt. Ltd.,Car Dealer & Accessories,0135-3052609,"Mohabbewala Industrial Area, Saharanpur Road",Dehradun,"Car dealer, service and accessories"
Sai All In One Car Accessories,Car Accessories,,"Near UK07 Momo, Jakhan",Dehradun,"New car accessory dealer, repair & accessories"
Auto Fixer,Car Service & Repair,,"Shastradhara Road",Dehradun,"General servicing, AC repair, denting & painting"