Name,Category,Phone,Address,City,More Details
Caarobaar Car Decor,Car Accessories,+91 9462583880,"Shop No.18, Ajmer Road, Opp. CM Gora Hospital",Jaipur,"Car accessories, seat covers, lighting, premium customization"
CarzSpa - Car Detailing Studio,Car Detailing,+91 8037908107,"127A-129, DCM, Ajmer Road, Tagore Nagar",Jaipur,"Ceramic coating, PPF, detailing, paint protection"
Vice City & Customs,Car Accessories,+91 7707933334,"New Sanganer Road, Mansarovar",Jaipur,"Modification, accessories, alloy wheels"
Sai Car Decor,Car Accessories,,"Plot No.43, New Sanganer Road, Mansarovar",Jaipur,"Car stereo, seat covers, Android systems"
Chopra Car Decor (Autoform Brand Store),Car Accessories,+91 9829097047,"Engineers Colony, New Sanganer Road",Jaipur,"Autoform accessories, Thar modification"
SR Car Decor - AutoCruze Brand Store,Car Accessories,+91 7610001170,"Tonk Road, Pratap Nagar",Jaipur,"Premium accessories, AutoCruze products"
The Detailing Mafia,Car Detailing,+91 7014977408,"Sikar Road, Murlipura",Jaipur,"Ceramic coating, detailing, paint correction"
GAX Auto Tuners,Car Accessories,+91 9799919519,"Patrakar Colony, Mansarovar",Jaipur,"Car modification, lighting, accessories"
Ansh Car Decor,Car Accessories,+91 7357528184,"Ajmer Road, Nirman Nagar",Jaipur,"Seat covers, Android players, accessories"
Car Matrix,Car Accessories Wholesaler,+91 7728939369,"Chandpole Bazar",Jaipur,"Wholesale car accessories, dealer supply"
Gi Nine Car Decor,Car Accessories,+91 8619869346,"Bapu Bazar Main Road",Udaipur,"Car décor, lighting, premium accessories"
The Detailing Mafia Udaipur,Car Detailing,+91 9828442257,"Sector 11, Hiran Magri",Udaipur,"PPF, ceramic coating, detailing"
Chirag Customz,Car Modification,+91 7014349350,"Subhash Nagar, Rangbari",Kota,"Car modification, PPF, ceramic coating"
PK Modification Degana,Car Accessories,,"Tanki Pura",Degana,"Vehicle customization and accessories"
Hari Om Car Glasses,Car Glass & Accessories,+91 9054743539,"Shakti Nagar Road, Town Hall Road",Udaipur,"Windshield replacement, car glass, accessories" 
Satguru Car Accessories,Car Accessories,+91 9314541831,"7, Rainbow Shopping Complex, Paota C Road, Mahamandir",Jodhpur,"Car accessories, seat covers, audio systems"
House of Detailing,Car Detailing,+91 9587555122,"Plot No. 42, 100 Ft Road, Shobhagpura",Udaipur,"Ceramic coating, PPF, paint protection"
Car Spa And Shine,Car Wash & Detailing,+91 9571960008,"200 Feet Bypass Road, Karni Vihar",Jaipur,"Foam wash, ceramic coating, detailing"
Regaal Customs,Car Modification,,"41, Hanuman Vatika-1, Heerawala",Jaipur,"Vehicle customization, paint and styling"
JMD Car Care,Car Detailing,+91 7014012563,"28, Kohinoor Vihar, Opp. KV School",Beawar,"Ceramic coating, PPF, detailing"
Auto Design,Car Seat Covers,+91 8062757329,"Trilochan Bhawan, Police Line, Amarsinghpura",Bikaner,"Custom seat covers, interior customization"
Hari Om Car Interior,Car Interior Accessories,,"Jodhpur",Jodhpur,"Seat covers, dashboard and interior accessories"
Marshall Enterprises,Car Accessories,,"54 Suraj Nagar, CHB",Jodhpur,"Car accessories, car care products"
Lucky Car Decor,Car Accessories,,"MI Road",Jaipur,"Car perfumes, seat covers, accessories"
Balaji Radium & Car Decor,Car Accessories,,"Gangashahar Road, Nokha",Bikaner,"Radium work, stickers, accessories"
Shri Laxmi Auto Accessories,Car Accessories,,"Shrinagar Road",Ajmer,"Car accessories and interior products"
Deep Automobiles,Car Accessories,,"Dabar Road, Old Chungi Chowki",Ajmer,"Car accessories and spare parts"
A-One Motors,Car Accessories,,"Ajmer Road",Bhilwara,"Car accessories, seat covers, lighting"
Siddhi Vinayak Distributors,Car Accessories Wholesaler,,"Sector 11",Udaipur,"Wholesale car accessories"
Parnamis True Line,Car Accessories Wholesaler,,"Hari Om Plaza, Indira Bazar",Jaipur,"Wholesale automotive accessories"